file_path,symbol_name,symbol_type(function/component/hook/helper/class/constant),exported(yes/no),async(yes/no),side_effects(yes/no),inputs_summary,return_summary,reads_from,writes_to,called_by,purpose
App.tsx,App,function,yes,no,yes,unknown,unknown,varies,varies,see import graph,Exported symbol
App.tsx,MenuController,helper,no,no,no,unknown,unknown,component/service state,component/service state,local file,Major internal function
App.tsx,NavItem,helper,no,no,no,unknown,unknown,component/service state,component/service state,local file,Major internal function
App.tsx,ProtectedRoute,helper,no,no,no,unknown,unknown,component/service state,component/service state,local file,Major internal function
App.tsx,QuickLink,helper,no,no,no,unknown,unknown,component/service state,component/service state,local file,Major internal function
App.tsx,handleCloudStatus,helper,no,no,yes,unknown,unknown,component/service state,component/service state,local file,Major internal function
App.tsx,handleLoginSuccess,helper,no,no,yes,unknown,unknown,component/service state,component/service state,local file,Major internal function
App.tsx,handleOpStatus,helper,no,no,yes,unknown,unknown,component/service state,component/service state,local file,Major internal function
App.tsx,handleStorageUpdate,helper,no,no,yes,unknown,unknown,component/service state,component/service state,local file,Major internal function
api/cloudinary-sign-upload.ts,handler,function,yes,no,yes,unknown,unknown,varies,varies,see import graph,Exported symbol
components/ExportModal.tsx,ExportModal,component,yes,no,yes,unknown,unknown,varies,varies,see import graph,Exported symbol
components/UploadImportModal.tsx,UploadImportModal,component,yes,no,yes,unknown,unknown,varies,varies,see import graph,Exported symbol
components/UploadImportModal.tsx,onFilePick,helper,no,yes,no,unknown,unknown,component/service state,component/service state,local file,Major internal function
components/ui.tsx,Badge,component,yes,no,yes,unknown,unknown,varies,varies,see import graph,Exported symbol
components/ui.tsx,Button,component,yes,no,yes,unknown,unknown,varies,varies,see import graph,Exported symbol
components/ui.tsx,Card,component,yes,no,yes,unknown,unknown,varies,varies,see import graph,Exported symbol
components/ui.tsx,CardContent,component,yes,no,yes,unknown,unknown,varies,varies,see import graph,Exported symbol
components/ui.tsx,CardHeader,component,yes,no,yes,unknown,unknown,varies,varies,see import graph,Exported symbol
components/ui.tsx,CardTitle,component,yes,no,yes,unknown,unknown,varies,varies,see import graph,Exported symbol
components/ui.tsx,Input,component,yes,no,yes,unknown,unknown,varies,varies,see import graph,Exported symbol
components/ui.tsx,Label,component,yes,no,yes,unknown,unknown,varies,varies,see import graph,Exported symbol
components/ui.tsx,Select,component,yes,no,yes,unknown,unknown,varies,varies,see import graph,Exported symbol
components/ui.tsx,Switch,component,yes,no,yes,unknown,unknown,varies,varies,see import graph,Exported symbol
components/ui.tsx,Tabs,component,yes,no,yes,unknown,unknown,varies,varies,see import graph,Exported symbol
components/ui.tsx,TabsContent,component,yes,no,yes,unknown,unknown,varies,varies,see import graph,Exported symbol
components/ui.tsx,TabsList,component,yes,no,yes,unknown,unknown,varies,varies,see import graph,Exported symbol
components/ui.tsx,TabsTrigger,component,yes,no,yes,unknown,unknown,varies,varies,see import graph,Exported symbol
components/ui.tsx,cn,function,yes,no,yes,unknown,unknown,varies,varies,see import graph,Exported symbol
components/ui.tsx,handleWheel,helper,no,no,yes,unknown,unknown,component/service state,component/service state,local file,Major internal function
netlify/functions/cloudinary-sign-upload.ts,handler,function,yes,no,yes,unknown,unknown,varies,varies,see import graph,Exported symbol
netlify/functions/cloudinary-sign-upload.ts,json,helper,no,no,no,unknown,unknown,component/service state,component/service state,local file,Major internal function
pages/Admin.tsx,Admin,component,yes,no,yes,unknown,unknown,varies,varies,see import graph,Exported symbol
pages/Admin.tsx,addColorToForm,helper,no,no,yes,unknown,unknown,component/service state,component/service state,local file,Major internal function
pages/Admin.tsx,addVariantToForm,helper,no,no,yes,unknown,unknown,component/service state,component/service state,local file,Major internal function
pages/Admin.tsx,closeModal,helper,no,no,yes,unknown,unknown,component/service state,component/service state,local file,Major internal function
pages/Admin.tsx,computeProductInventoryMetrics,helper,no,no,no,unknown,unknown,component/service state,component/service state,local file,Major internal function
pages/Admin.tsx,confirmDeleteCategory,helper,no,no,no,unknown,unknown,component/service state,component/service state,local file,Major internal function
pages/Admin.tsx,downloadBarcode,helper,no,no,no,unknown,unknown,component/service state,component/service state,local file,Major internal function
pages/Admin.tsx,formatVariantColorValue,helper,no,no,no,unknown,unknown,component/service state,component/service state,local file,Major internal function
pages/Admin.tsx,getRowKey,helper,no,no,no,unknown,unknown,component/service state,component/service state,local file,Major internal function
pages/Admin.tsx,getSuggestedStock,helper,no,no,no,unknown,unknown,component/service state,component/service state,local file,Major internal function
pages/Admin.tsx,getVariantRowKey,helper,no,no,no,unknown,unknown,component/service state,component/service state,local file,Major internal function
pages/Admin.tsx,handleAddCategory,helper,no,no,yes,unknown,unknown,component/service state,component/service state,local file,Major internal function
pages/Admin.tsx,handleAddPurchase,helper,no,yes,yes,unknown,unknown,component/service state,component/service state,local file,Major internal function
pages/Admin.tsx,handleBatchDeleteProducts,helper,no,yes,yes,unknown,unknown,component/service state,component/service state,local file,Major internal function
pages/Admin.tsx,handleBatchEditProducts,helper,no,no,yes,unknown,unknown,component/service state,component/service state,local file,Major internal function
pages/Admin.tsx,handleDelete,helper,no,yes,yes,unknown,unknown,component/service state,component/service state,local file,Major internal function
pages/Admin.tsx,handleDeleteCategory,helper,no,no,yes,unknown,unknown,component/service state,component/service state,local file,Major internal function
pages/Admin.tsx,handleDownloadCategoryPDF,helper,no,yes,yes,unknown,unknown,component/service state,component/service state,local file,Major internal function
pages/Admin.tsx,handleDownloadLowStockPDF,helper,no,yes,yes,unknown,unknown,component/service state,component/service state,local file,Major internal function
pages/Admin.tsx,handleExport,helper,no,no,yes,unknown,unknown,component/service state,component/service state,local file,Major internal function
pages/Admin.tsx,handleImageUpload,helper,no,no,yes,unknown,unknown,component/service state,component/service state,local file,Major internal function
pages/Admin.tsx,handleKeyDown,helper,no,no,yes,unknown,unknown,component/service state,component/service state,local file,Major internal function
pages/Admin.tsx,handleSave,helper,no,yes,yes,unknown,unknown,component/service state,component/service state,local file,Major internal function
pages/Admin.tsx,handleSaveAndNext,helper,no,yes,yes,unknown,unknown,component/service state,component/service state,local file,Major internal function
pages/Admin.tsx,handleSaveRenameCategory,helper,no,no,yes,unknown,unknown,component/service state,component/service state,local file,Major internal function
pages/Admin.tsx,handleStartEditCategory,helper,no,no,yes,unknown,unknown,component/service state,component/service state,local file,Major internal function
pages/Admin.tsx,handleStorageChange,helper,no,no,yes,unknown,unknown,component/service state,component/service state,local file,Major internal function
pages/Admin.tsx,handleToggleProductSelection,helper,no,no,yes,unknown,unknown,component/service state,component/service state,local file,Major internal function
pages/Admin.tsx,handleToggleSelectAllProducts,helper,no,no,yes,unknown,unknown,component/service state,component/service state,local file,Major internal function
pages/Admin.tsx,openModal,helper,no,no,yes,unknown,unknown,component/service state,component/service state,local file,Major internal function
pages/Admin.tsx,rebuildStockRows,helper,no,no,no,unknown,unknown,component/service state,component/service state,local file,Major internal function
pages/Admin.tsx,refreshData,helper,no,no,yes,unknown,unknown,component/service state,component/service state,local file,Major internal function
pages/Admin.tsx,renderPurchaseHistoryCards,helper,no,no,no,unknown,unknown,component/service state,component/service state,local file,Major internal function
pages/Admin.tsx,saveProduct,helper,no,yes,yes,unknown,unknown,component/service state,component/service state,local file,Major internal function
pages/Admin.tsx,shareBarcode,helper,no,yes,no,unknown,unknown,component/service state,component/service state,local file,Major internal function
pages/Admin.tsx,toNonNegativeNumber,helper,no,no,no,unknown,unknown,component/service state,component/service state,local file,Major internal function
pages/Auth.tsx,Auth,component,yes,no,yes,unknown,unknown,varies,varies,see import graph,Exported symbol
pages/Auth.tsx,handleResendVerification,helper,no,yes,yes,unknown,unknown,component/service state,component/service state,local file,Major internal function
pages/Auth.tsx,handleSubmit,helper,no,yes,yes,unknown,unknown,component/service state,component/service state,local file,Major internal function
pages/ClassicPOS.tsx,ClassicPOS,component,yes,no,yes,unknown,unknown,varies,varies,see import graph,Exported symbol
pages/ClassicPOS.tsx,SummaryRow,component,no,no,no,unknown,unknown,local,local,local file,Function declaration
pages/ClassicPOS.tsx,TrashIcon,component,no,no,no,unknown,unknown,local,local,local file,Function declaration
pages/ClassicPOS.tsx,confirmVariantSelection,helper,no,no,no,unknown,unknown,component/service state,component/service state,local file,Major internal function
pages/ClassicPOS.tsx,createCustomer,helper,no,no,yes,unknown,unknown,component/service state,component/service state,local file,Major internal function
pages/ClassicPOS.tsx,getCartQtyForProduct,helper,no,no,no,unknown,unknown,component/service state,component/service state,local file,Major internal function
pages/ClassicPOS.tsx,getCartQtyForVariant,helper,no,no,no,unknown,unknown,component/service state,component/service state,local file,Major internal function
pages/ClassicPOS.tsx,getItemKey,helper,no,no,no,unknown,unknown,component/service state,component/service state,local file,Major internal function
pages/ClassicPOS.tsx,getNowLocalDateTime,helper,no,no,no,unknown,unknown,local,local,local file,Function declaration
pages/ClassicPOS.tsx,getRemainingStockForProduct,helper,no,no,no,unknown,unknown,component/service state,component/service state,local file,Major internal function
pages/ClassicPOS.tsx,handleSimpleProductMinus,helper,no,no,yes,unknown,unknown,component/service state,component/service state,local file,Major internal function
pages/ClassicPOS.tsx,handleSimpleProductPlus,helper,no,no,yes,unknown,unknown,component/service state,component/service state,local file,Major internal function
pages/ClassicPOS.tsx,onKeyDown,helper,no,no,no,unknown,unknown,component/service state,component/service state,local file,Major internal function
pages/ClassicPOS.tsx,openInvoiceModal,helper,no,no,yes,unknown,unknown,component/service state,component/service state,local file,Major internal function
pages/ClassicPOS.tsx,openVariantModal,helper,no,no,yes,unknown,unknown,component/service state,component/service state,local file,Major internal function
pages/ClassicPOS.tsx,pad,helper,no,no,no,unknown,unknown,component/service state,component/service state,local file,Major internal function
pages/ClassicPOS.tsx,removeItem,helper,no,no,no,unknown,unknown,component/service state,component/service state,local file,Major internal function
pages/ClassicPOS.tsx,updatePrice,helper,no,no,yes,unknown,unknown,component/service state,component/service state,local file,Major internal function
pages/ClassicPOS.tsx,updateQty,helper,no,no,yes,unknown,unknown,component/service state,component/service state,local file,Major internal function
pages/Customers.tsx,Customers,component,yes,no,yes,unknown,unknown,varies,varies,see import graph,Exported symbol
pages/Customers.tsx,closeCustomerEditor,helper,no,no,yes,unknown,unknown,component/service state,component/service state,local file,Major internal function
pages/Customers.tsx,generateAllCustomersPDF,helper,no,no,no,unknown,unknown,component/service state,component/service state,local file,Major internal function
pages/Customers.tsx,generateStatementPDF,helper,no,no,no,unknown,unknown,component/service state,component/service state,local file,Major internal function
pages/Customers.tsx,getSaleSettlementView,helper,no,no,no,unknown,unknown,component/service state,component/service state,local file,Major internal function
pages/Customers.tsx,handleAddCustomerSubmit,helper,no,no,yes,unknown,unknown,component/service state,component/service state,local file,Major internal function
pages/Customers.tsx,handleAdminPasswordSubmit,helper,no,no,yes,unknown,unknown,component/service state,component/service state,local file,Major internal function
pages/Customers.tsx,handleBatchDeleteCustomers,helper,no,no,yes,unknown,unknown,component/service state,component/service state,local file,Major internal function
pages/Customers.tsx,handleBatchEditCustomers,helper,no,no,yes,unknown,unknown,component/service state,component/service state,local file,Major internal function
pages/Customers.tsx,handleCollectUpfrontPayment,helper,no,no,yes,unknown,unknown,component/service state,component/service state,local file,Major internal function
pages/Customers.tsx,handleDeleteCustomer,helper,no,no,yes,unknown,unknown,component/service state,component/service state,local file,Major internal function
pages/Customers.tsx,handleExport,helper,no,no,yes,unknown,unknown,component/service state,component/service state,local file,Major internal function
pages/Customers.tsx,handleRecordPayment,helper,no,no,yes,unknown,unknown,component/service state,component/service state,local file,Major internal function
pages/Customers.tsx,handleSaveCustomerEdit,helper,no,no,yes,unknown,unknown,component/service state,component/service state,local file,Major internal function
pages/Customers.tsx,handleSaveUpfrontOrder,helper,no,no,yes,unknown,unknown,component/service state,component/service state,local file,Major internal function
pages/Customers.tsx,handleToggleCustomerSelection,helper,no,no,yes,unknown,unknown,component/service state,component/service state,local file,Major internal function
pages/Customers.tsx,handleToggleSelectAllCustomers,helper,no,no,yes,unknown,unknown,component/service state,component/service state,local file,Major internal function
pages/Customers.tsx,openCustomerEditor,helper,no,no,yes,unknown,unknown,component/service state,component/service state,local file,Major internal function
pages/Customers.tsx,refreshData,helper,no,no,yes,unknown,unknown,component/service state,component/service state,local file,Major internal function
pages/Finance.tsx,Finance,component,yes,no,yes,unknown,unknown,varies,varies,see import graph,Exported symbol
pages/Finance.tsx,MoneyTile,component,no,no,no,unknown,unknown,local,local,local file,Function declaration
pages/Finance.tsx,Pill,component,no,no,no,unknown,unknown,local,local,local file,Function declaration
pages/Finance.tsx,StatCard,component,no,no,no,unknown,unknown,local,local,local file,Function declaration
pages/Finance.tsx,accumulateCanonicalReturnEffects,helper,no,no,no,unknown,unknown,component/service state,component/service state,local file,Major internal function
pages/Finance.tsx,addExpense,helper,no,yes,yes,unknown,unknown,component/service state,component/service state,local file,Major internal function
pages/Finance.tsx,addExpenseCategory,helper,no,yes,yes,unknown,unknown,component/service state,component/service state,local file,Major internal function
pages/Finance.tsx,aggregateSaleSettlementContributions,helper,no,no,no,unknown,unknown,component/service state,component/service state,local file,Major internal function
pages/Finance.tsx,appendExpenseActivity,helper,no,no,no,unknown,unknown,component/service state,component/service state,local file,Major internal function
pages/Finance.tsx,applyCountedTotalToClosing,helper,no,no,no,unknown,unknown,component/service state,component/service state,local file,Major internal function
pages/Finance.tsx,buildCanonicalFinanceBreakdown,helper,no,no,no,unknown,unknown,component/service state,component/service state,local file,Major internal function
pages/Finance.tsx,buildCashSessionId,helper,no,no,no,unknown,unknown,component/service state,component/service state,local file,Major internal function
pages/Finance.tsx,buildEmptyCounts,helper,no,no,no,unknown,unknown,component/service state,component/service state,local file,Major internal function
pages/Finance.tsx,buildLayerFinanceBreakdown,helper,no,no,no,unknown,unknown,component/service state,component/service state,local file,Major internal function
pages/Finance.tsx,cancelOpeningBalanceEdit,helper,no,no,no,unknown,unknown,component/service state,component/service state,local file,Major internal function
pages/Finance.tsx,closeShift,helper,no,yes,yes,unknown,unknown,component/service state,component/service state,local file,Major internal function
pages/Finance.tsx,collectPayment,helper,no,yes,no,unknown,unknown,component/service state,component/service state,local file,Major internal function
pages/Finance.tsx,dateKeyFromDate,helper,no,no,no,unknown,unknown,component/service state,component/service state,local file,Major internal function
pages/Finance.tsx,deleteExpenseCategory,helper,no,yes,yes,unknown,unknown,component/service state,component/service state,local file,Major internal function
pages/Finance.tsx,downloadTextFile,helper,no,no,no,unknown,unknown,component/service state,component/service state,local file,Major internal function
pages/Finance.tsx,escapeCsvValue,helper,no,no,no,unknown,unknown,component/service state,component/service state,local file,Major internal function
pages/Finance.tsx,evaluateCarryForwardSession,helper,no,no,no,unknown,unknown,component/service state,component/service state,local file,Major internal function
pages/Finance.tsx,exportCashbookCsv,helper,no,no,no,unknown,unknown,component/service state,component/service state,local file,Major internal function
pages/Finance.tsx,exportCashbookWorkbook,helper,no,no,no,unknown,unknown,component/service state,component/service state,local file,Major internal function
pages/Finance.tsx,exportExpensePDF,helper,no,no,no,unknown,unknown,component/service state,component/service state,local file,Major internal function
pages/Finance.tsx,financeShiftDiag,helper,no,no,no,unknown,unknown,component/service state,component/service state,local file,Major internal function
pages/Finance.tsx,formatINR,helper,no,no,no,unknown,unknown,component/service state,component/service state,local file,Major internal function
pages/Finance.tsx,formatINRSummary,helper,no,no,no,unknown,unknown,component/service state,component/service state,local file,Major internal function
pages/Finance.tsx,getLastValidClosingSession,helper,no,no,no,unknown,unknown,component/service state,component/service state,local file,Major internal function
pages/Finance.tsx,getRowsByLayer,helper,no,no,no,unknown,unknown,component/service state,component/service state,local file,Major internal function
pages/Finance.tsx,getSaleSettlementContribution,helper,no,no,no,unknown,unknown,component/service state,component/service state,local file,Major internal function
pages/Finance.tsx,getSessionCashTotals,helper,no,no,no,unknown,unknown,component/service state,component/service state,local file,Major internal function
pages/Finance.tsx,getStateEntityCounts,helper,no,no,no,unknown,unknown,component/service state,component/service state,local file,Major internal function
pages/Finance.tsx,getStorageKeysSafely,helper,no,no,no,unknown,unknown,component/service state,component/service state,local file,Major internal function
pages/Finance.tsx,getTimestampFromTransactionId,helper,no,no,no,unknown,unknown,component/service state,component/service state,local file,Major internal function
pages/Finance.tsx,handleCloudSyncStatus,helper,no,no,yes,unknown,unknown,component/service state,component/service state,local file,Major internal function
pages/Finance.tsx,handleManagerUnlock,helper,no,no,yes,unknown,unknown,component/service state,component/service state,local file,Major internal function
pages/Finance.tsx,handleStorageEvent,helper,no,no,yes,unknown,unknown,component/service state,component/service state,local file,Major internal function
pages/Finance.tsx,isCorrectionRowType,helper,no,no,no,unknown,unknown,component/service state,component/service state,local file,Major internal function
pages/Finance.tsx,isSameDay,helper,no,no,no,unknown,unknown,component/service state,component/service state,local file,Major internal function
pages/Finance.tsx,monthKeyOf,helper,no,no,no,unknown,unknown,component/service state,component/service state,local file,Major internal function
pages/Finance.tsx,onKeyDown,helper,no,no,no,unknown,unknown,component/service state,component/service state,local file,Major internal function
pages/Finance.tsx,parseTime,helper,no,no,no,unknown,unknown,component/service state,component/service state,local file,Major internal function
pages/Finance.tsx,persistState,helper,no,yes,no,unknown,unknown,component/service state,component/service state,local file,Major internal function
pages/Finance.tsx,refreshData,helper,no,no,yes,unknown,unknown,component/service state,component/service state,local file,Major internal function
pages/Finance.tsx,removeExpense,helper,no,yes,no,unknown,unknown,component/service state,component/service state,local file,Major internal function
pages/Finance.tsx,resetClosingCounts,helper,no,no,no,unknown,unknown,component/service state,component/service state,local file,Major internal function
pages/Finance.tsx,resolveTransactionTimeForSession,helper,no,no,no,unknown,unknown,component/service state,component/service state,local file,Major internal function
pages/Finance.tsx,roundMoney,helper,no,no,no,unknown,unknown,component/service state,component/service state,local file,Major internal function
pages/Finance.tsx,saveOpeningBalanceEdit,helper,no,yes,yes,unknown,unknown,component/service state,component/service state,local file,Major internal function
pages/Finance.tsx,scanSessionHistory,helper,no,no,no,unknown,unknown,component/service state,component/service state,local file,Major internal function
pages/Finance.tsx,startShift,helper,no,yes,yes,unknown,unknown,component/service state,component/service state,local file,Major internal function
pages/Finance.tsx,toFiniteMoney,helper,no,no,no,unknown,unknown,component/service state,component/service state,local file,Major internal function
pages/Finance.tsx,todayISO,helper,no,no,no,unknown,unknown,component/service state,component/service state,local file,Major internal function
pages/Finance.tsx,updateClosingCount,helper,no,no,yes,unknown,unknown,component/service state,component/service state,local file,Major internal function
pages/FreightBooking.tsx,FreightBooking,component,yes,no,yes,unknown,unknown,varies,varies,see import graph,Exported symbol
pages/FreightBooking.tsx,Modal,component,no,no,no,unknown,unknown,local,local,local file,Function declaration
pages/FreightBooking.tsx,SummaryCard,component,no,no,no,unknown,unknown,local,local,local file,Function declaration
pages/FreightBooking.tsx,addCategoryQuick,helper,no,yes,yes,unknown,unknown,component/service state,component/service state,local file,Major internal function
pages/FreightBooking.tsx,addNewVariantPricingLine,helper,no,no,yes,unknown,unknown,component/service state,component/service state,local file,Major internal function
pages/FreightBooking.tsx,convertToConfirmedOrder,helper,no,yes,yes,unknown,unknown,component/service state,component/service state,local file,Major internal function
pages/FreightBooking.tsx,createBroker,helper,no,yes,yes,unknown,unknown,component/service state,component/service state,local file,Major internal function
pages/FreightBooking.tsx,createBrokerQuick,helper,no,yes,yes,unknown,unknown,component/service state,component/service state,local file,Major internal function
pages/FreightBooking.tsx,createNewCarton,helper,no,no,yes,unknown,unknown,component/service state,component/service state,local file,Major internal function
pages/FreightBooking.tsx,ensureCategory,helper,no,yes,no,unknown,unknown,component/service state,component/service state,local file,Major internal function
pages/FreightBooking.tsx,formatNumber,helper,no,no,no,unknown,unknown,component/service state,component/service state,local file,Major internal function
pages/FreightBooking.tsx,goToPricing,helper,no,no,no,unknown,unknown,component/service state,component/service state,local file,Major internal function
pages/FreightBooking.tsx,handleNewProductImageUpload,helper,no,no,yes,unknown,unknown,component/service state,component/service state,local file,Major internal function
pages/FreightBooking.tsx,openEditInquiry,helper,no,no,yes,unknown,unknown,component/service state,component/service state,local file,Major internal function
pages/FreightBooking.tsx,openNewInquiry,helper,no,no,yes,unknown,unknown,component/service state,component/service state,local file,Major internal function
pages/FreightBooking.tsx,refresh,helper,no,no,yes,unknown,unknown,component/service state,component/service state,local file,Major internal function
pages/FreightBooking.tsx,removeCarton,helper,no,no,no,unknown,unknown,component/service state,component/service state,local file,Major internal function
pages/FreightBooking.tsx,resetWizard,helper,no,no,no,unknown,unknown,component/service state,component/service state,local file,Major internal function
pages/FreightBooking.tsx,saveInquiry,helper,no,yes,yes,unknown,unknown,component/service state,component/service state,local file,Major internal function
pages/FreightBooking.tsx,selectProduct,helper,no,no,no,unknown,unknown,component/service state,component/service state,local file,Major internal function
pages/FreightBooking.tsx,to2,helper,no,no,no,unknown,unknown,component/service state,component/service state,local file,Major internal function
pages/FreightBooking.tsx,toNum,helper,no,no,no,unknown,unknown,component/service state,component/service state,local file,Major internal function
pages/FreightBooking.tsx,toNumberInputValue,helper,no,no,no,unknown,unknown,component/service state,component/service state,local file,Major internal function
pages/FreightBooking.tsx,todayLabel,helper,no,no,no,unknown,unknown,component/service state,component/service state,local file,Major internal function
pages/FreightBooking.tsx,toggleCartonSelection,helper,no,no,no,unknown,unknown,component/service state,component/service state,local file,Major internal function
pages/FreightBooking.tsx,uid,helper,no,no,no,unknown,unknown,component/service state,component/service state,local file,Major internal function
pages/FreightBooking.tsx,updateAssignment,helper,no,no,yes,unknown,unknown,component/service state,component/service state,local file,Major internal function
pages/FreightBooking.tsx,updateCartonCbm,helper,no,no,yes,unknown,unknown,component/service state,component/service state,local file,Major internal function
pages/FreightBooking.tsx,updatePricingEntry,helper,no,no,yes,unknown,unknown,component/service state,component/service state,local file,Major internal function
pages/PurchasePanel.tsx,Modal,component,no,no,no,unknown,unknown,local,local,local file,Function declaration
pages/PurchasePanel.tsx,PurchasePanel,component,yes,no,yes,unknown,unknown,varies,varies,see import graph,Exported symbol
pages/PurchasePanel.tsx,SummaryCard,component,no,no,no,unknown,unknown,local,local,local file,Function declaration
pages/PurchasePanel.tsx,confirmReceiveOrder,helper,no,yes,no,unknown,unknown,component/service state,component/service state,local file,Major internal function
pages/PurchasePanel.tsx,formatNumber,helper,no,no,no,unknown,unknown,component/service state,component/service state,local file,Major internal function
pages/PurchasePanel.tsx,getVariantStock,helper,no,no,no,unknown,unknown,component/service state,component/service state,local file,Major internal function
pages/PurchasePanel.tsx,goToPricing,helper,no,no,no,unknown,unknown,component/service state,component/service state,local file,Major internal function
pages/PurchasePanel.tsx,handleReceive,helper,no,no,yes,unknown,unknown,component/service state,component/service state,local file,Major internal function
pages/PurchasePanel.tsx,openCreateOrder,helper,no,no,yes,unknown,unknown,component/service state,component/service state,local file,Major internal function
pages/PurchasePanel.tsx,projectedBuyPrice,helper,no,no,no,unknown,unknown,component/service state,component/service state,local file,Major internal function
pages/PurchasePanel.tsx,refresh,helper,no,no,yes,unknown,unknown,component/service state,component/service state,local file,Major internal function
pages/PurchasePanel.tsx,resetPartyDraft,helper,no,no,no,unknown,unknown,component/service state,component/service state,local file,Major internal function
pages/PurchasePanel.tsx,resetWizard,helper,no,no,no,unknown,unknown,component/service state,component/service state,local file,Major internal function
pages/PurchasePanel.tsx,saveOrder,helper,no,yes,yes,unknown,unknown,component/service state,component/service state,local file,Major internal function
pages/PurchasePanel.tsx,saveParty,helper,no,yes,yes,unknown,unknown,component/service state,component/service state,local file,Major internal function
pages/PurchasePanel.tsx,selectProduct,helper,no,no,no,unknown,unknown,component/service state,component/service state,local file,Major internal function
pages/PurchasePanel.tsx,toNum,helper,no,no,no,unknown,unknown,component/service state,component/service state,local file,Major internal function
pages/PurchasePanel.tsx,todayLabel,helper,no,no,no,unknown,unknown,component/service state,component/service state,local file,Major internal function
pages/PurchasePanel.tsx,uid,helper,no,no,no,unknown,unknown,component/service state,component/service state,local file,Major internal function
pages/PurchasePanel.tsx,updatePricingEntry,helper,no,no,yes,unknown,unknown,component/service state,component/service state,local file,Major internal function
pages/Reports.tsx,Reports,component,yes,no,yes,unknown,unknown,varies,varies,see import graph,Exported symbol
pages/Reports.tsx,generatePDF,helper,no,yes,no,unknown,unknown,component/service state,component/service state,local file,Major internal function
pages/Reports.tsx,handleExport,helper,no,no,yes,unknown,unknown,component/service state,component/service state,local file,Major internal function
pages/Reports.tsx,refreshData,helper,no,no,yes,unknown,unknown,component/service state,component/service state,local file,Major internal function
pages/Sales.tsx,Sales,component,yes,no,yes,unknown,unknown,varies,varies,see import graph,Exported symbol
pages/Sales.tsx,addToCart,helper,no,no,yes,unknown,unknown,component/service state,component/service state,local file,Major internal function
pages/Sales.tsx,buildEffectiveTransactionDate,helper,no,no,no,unknown,unknown,component/service state,component/service state,local file,Major internal function
pages/Sales.tsx,completeCheckout,helper,no,no,yes,unknown,unknown,component/service state,component/service state,local file,Major internal function
pages/Sales.tsx,createReturnFromSelectedTransaction,helper,no,no,yes,unknown,unknown,component/service state,component/service state,local file,Major internal function
pages/Sales.tsx,getLineAvailableStock,helper,no,no,no,unknown,unknown,component/service state,component/service state,local file,Major internal function
pages/Sales.tsx,getProductReturnableQty,helper,no,no,no,unknown,unknown,component/service state,component/service state,local file,Major internal function
pages/Sales.tsx,getReturnableQty,helper,no,no,no,unknown,unknown,component/service state,component/service state,local file,Major internal function
pages/Sales.tsx,handleAdd,helper,no,no,yes,unknown,unknown,component/service state,component/service state,local file,Major internal function
pages/Sales.tsx,handleDataOpStatus,helper,no,no,yes,unknown,unknown,component/service state,component/service state,local file,Major internal function
pages/Sales.tsx,handleExport,helper,no,no,yes,unknown,unknown,component/service state,component/service state,local file,Major internal function
pages/Sales.tsx,handleMinus,helper,no,no,yes,unknown,unknown,component/service state,component/service state,local file,Major internal function
pages/Sales.tsx,handlePlus,helper,no,no,yes,unknown,unknown,component/service state,component/service state,local file,Major internal function
pages/Sales.tsx,handlePrintReceipt,helper,no,no,yes,unknown,unknown,component/service state,component/service state,local file,Major internal function
pages/Sales.tsx,handleProductSelect,helper,no,no,yes,unknown,unknown,component/service state,component/service state,local file,Major internal function
pages/Sales.tsx,hasOpenShift,helper,no,no,no,unknown,unknown,component/service state,component/service state,local file,Major internal function
pages/Sales.tsx,initiateCheckout,helper,no,no,yes,unknown,unknown,component/service state,component/service state,local file,Major internal function
pages/Sales.tsx,lineKey,helper,no,no,no,unknown,unknown,component/service state,component/service state,local file,Major internal function
pages/Sales.tsx,openReturnPopup,helper,no,no,yes,unknown,unknown,component/service state,component/service state,local file,Major internal function
pages/Sales.tsx,refreshData,helper,no,no,yes,unknown,unknown,component/service state,component/service state,local file,Major internal function
pages/Sales.tsx,updateDiscount,helper,no,no,yes,unknown,unknown,component/service state,component/service state,local file,Major internal function
pages/Sales.tsx,updatePrice,helper,no,no,yes,unknown,unknown,component/service state,component/service state,local file,Major internal function
pages/Sales.tsx,updateQuantity,helper,no,no,yes,unknown,unknown,component/service state,component/service state,local file,Major internal function
pages/Sales.tsx,validateOpenShiftForPos,helper,no,no,no,unknown,unknown,component/service state,component/service state,local file,Major internal function
pages/Settings.tsx,Settings,component,yes,no,yes,unknown,unknown,varies,varies,see import graph,Exported symbol
pages/Settings.tsx,handleSave,helper,no,no,yes,unknown,unknown,component/service state,component/service state,local file,Major internal function
pages/Settings.tsx,handleSignatureUpload,helper,no,no,yes,unknown,unknown,component/service state,component/service state,local file,Major internal function
pages/Settings.tsx,handleTaxChange,helper,no,no,yes,unknown,unknown,component/service state,component/service state,local file,Major internal function
pages/Settings.tsx,refreshData,helper,no,no,yes,unknown,unknown,component/service state,component/service state,local file,Major internal function
pages/Transactions.tsx,Transactions,component,yes,no,yes,unknown,unknown,varies,varies,see import graph,Exported symbol
pages/Transactions.tsx,addSaleLine,helper,no,no,yes,unknown,unknown,component/service state,component/service state,local file,Major internal function
pages/Transactions.tsx,closeTransactionEditor,helper,no,no,yes,unknown,unknown,component/service state,component/service state,local file,Major internal function
pages/Transactions.tsx,formatDeletedByName,helper,no,no,no,unknown,unknown,component/service state,component/service state,local file,Major internal function
pages/Transactions.tsx,formatRoleLabel,helper,no,no,no,unknown,unknown,component/service state,component/service state,local file,Major internal function
pages/Transactions.tsx,getDisplayPaymentMethod,helper,no,no,no,unknown,unknown,component/service state,component/service state,local file,Major internal function
pages/Transactions.tsx,getEditedDiscount,helper,no,no,no,unknown,unknown,component/service state,component/service state,local file,Major internal function
pages/Transactions.tsx,getEditedSubtotal,helper,no,no,no,unknown,unknown,component/service state,component/service state,local file,Major internal function
pages/Transactions.tsx,getEditedTax,helper,no,no,no,unknown,unknown,component/service state,component/service state,local file,Major internal function
pages/Transactions.tsx,getEditedTaxRate,helper,no,no,no,unknown,unknown,component/service state,component/service state,local file,Major internal function
pages/Transactions.tsx,getEditedTotal,helper,no,no,no,unknown,unknown,component/service state,component/service state,local file,Major internal function
pages/Transactions.tsx,getLineCompositeKey,helper,no,no,no,unknown,unknown,component/service state,component/service state,local file,Major internal function
pages/Transactions.tsx,getSaleSettlementText,helper,no,no,no,unknown,unknown,component/service state,component/service state,local file,Major internal function
pages/Transactions.tsx,handleBatchDeleteTransactions,helper,no,no,yes,unknown,unknown,component/service state,component/service state,local file,Major internal function
pages/Transactions.tsx,handleBatchEditTransactions,helper,no,no,yes,unknown,unknown,component/service state,component/service state,local file,Major internal function
pages/Transactions.tsx,handleConfirmDelete,helper,no,no,yes,unknown,unknown,component/service state,component/service state,local file,Major internal function
pages/Transactions.tsx,handleDownloadPDF,helper,no,no,yes,unknown,unknown,component/service state,component/service state,local file,Major internal function
pages/Transactions.tsx,handleExport,helper,no,no,yes,unknown,unknown,component/service state,component/service state,local file,Major internal function
pages/Transactions.tsx,handleRunExcelExport,helper,no,no,yes,unknown,unknown,component/service state,component/service state,local file,Major internal function
pages/Transactions.tsx,handleSaveTransaction,helper,no,yes,yes,unknown,unknown,component/service state,component/service state,local file,Major internal function
pages/Transactions.tsx,handleToggleSelectAllTransactions,helper,no,no,yes,unknown,unknown,component/service state,component/service state,local file,Major internal function
pages/Transactions.tsx,handleToggleTransactionSelection,helper,no,no,yes,unknown,unknown,component/service state,component/service state,local file,Major internal function
pages/Transactions.tsx,looksLikeUid,helper,no,no,no,unknown,unknown,component/service state,component/service state,local file,Major internal function
pages/Transactions.tsx,normalizeBucketValue,helper,no,no,no,unknown,unknown,component/service state,component/service state,local file,Major internal function
pages/Transactions.tsx,openDeleteModal,helper,no,no,yes,unknown,unknown,component/service state,component/service state,local file,Major internal function
pages/Transactions.tsx,openTransactionEditor,helper,no,no,yes,unknown,unknown,component/service state,component/service state,local file,Major internal function
pages/Transactions.tsx,pad,helper,no,no,no,unknown,unknown,component/service state,component/service state,local file,Major internal function
pages/Transactions.tsx,refreshData,helper,no,no,yes,unknown,unknown,component/service state,component/service state,local file,Major internal function
pages/Transactions.tsx,removeEditingItem,helper,no,no,no,unknown,unknown,component/service state,component/service state,local file,Major internal function
pages/Transactions.tsx,roundMoney,helper,no,no,no,unknown,unknown,component/service state,component/service state,local file,Major internal function
pages/Transactions.tsx,toLocalDateTimeInputValue,helper,no,no,no,unknown,unknown,component/service state,component/service state,local file,Major internal function
pages/Transactions.tsx,toSafeMoney,helper,no,no,no,unknown,unknown,component/service state,component/service state,local file,Major internal function
pages/Transactions.tsx,updateEditingItem,helper,no,no,yes,unknown,unknown,component/service state,component/service state,local file,Major internal function
pages/VerificationRequired.tsx,VerificationRequired,component,yes,no,yes,unknown,unknown,varies,varies,see import graph,Exported symbol
pages/VerificationRequired.tsx,handleBackToLogin,helper,no,yes,yes,unknown,unknown,component/service state,component/service state,local file,Major internal function
pages/VerificationRequired.tsx,handleResend,helper,no,yes,yes,unknown,unknown,component/service state,component/service state,local file,Major internal function
scripts/backfill-customer-product-stats.js,flushBatch,helper,no,yes,no,unknown,unknown,component/service state,component/service state,local file,Major internal function
scripts/backfill-customer-product-stats.js,get,helper,no,no,no,unknown,unknown,component/service state,component/service state,local file,Major internal function
scripts/backfill-customer-product-stats.js,initAdmin,helper,no,no,no,unknown,unknown,component/service state,component/service state,local file,Major internal function
scripts/backfill-customer-product-stats.js,parseArgs,helper,no,no,no,unknown,unknown,component/service state,component/service state,local file,Major internal function
scripts/backfill-customer-product-stats.js,run,helper,no,yes,no,unknown,unknown,component/service state,component/service state,local file,Major internal function
scripts/migrate-images-to-cloudinary.js,fetchImageBuffer,helper,no,yes,no,unknown,unknown,component/service state,component/service state,local file,Major internal function
scripts/migrate-images-to-cloudinary.js,isCloudinaryUrl,helper,no,no,no,unknown,unknown,component/service state,component/service state,local file,Major internal function
scripts/migrate-images-to-cloudinary.js,isFirebaseStorageUrl,helper,no,no,no,unknown,unknown,component/service state,component/service state,local file,Major internal function
scripts/migrate-images-to-cloudinary.js,main,helper,no,yes,no,unknown,unknown,component/service state,component/service state,local file,Major internal function
scripts/migrate-images-to-cloudinary.js,migrateDocImageField,helper,no,yes,no,unknown,unknown,component/service state,component/service state,local file,Major internal function
scripts/migrate-images-to-cloudinary.js,migrateProductsCollection,helper,no,yes,no,unknown,unknown,component/service state,component/service state,local file,Major internal function
scripts/migrate-images-to-cloudinary.js,migrateStoresArrayProducts,helper,no,yes,no,unknown,unknown,component/service state,component/service state,local file,Major internal function
scripts/migrate-images-to-cloudinary.js,uploadBufferToCloudinary,helper,no,no,no,unknown,unknown,component/service state,component/service state,local file,Major internal function
scripts/verify-customer-product-stats-backfill.js,get,helper,no,no,no,unknown,unknown,component/service state,component/service state,local file,Major internal function
scripts/verify-customer-product-stats-backfill.js,initAdmin,helper,no,no,no,unknown,unknown,component/service state,component/service state,local file,Major internal function
scripts/verify-customer-product-stats-backfill.js,parseArgs,helper,no,no,no,unknown,unknown,component/service state,component/service state,local file,Major internal function
scripts/verify-customer-product-stats-backfill.js,run,helper,no,yes,no,unknown,unknown,component/service state,component/service state,local file,Major internal function
scripts/verify-image-migration-status.js,bump,helper,no,no,no,unknown,unknown,component/service state,component/service state,local file,Major internal function
scripts/verify-image-migration-status.js,classifyImage,helper,no,no,no,unknown,unknown,component/service state,component/service state,local file,Major internal function
scripts/verify-image-migration-status.js,emptyCounts,helper,no,no,no,unknown,unknown,component/service state,component/service state,local file,Major internal function
scripts/verify-image-migration-status.js,get,helper,no,no,no,unknown,unknown,component/service state,component/service state,local file,Major internal function
scripts/verify-image-migration-status.js,initAdmin,helper,no,no,no,unknown,unknown,component/service state,component/service state,local file,Major internal function
scripts/verify-image-migration-status.js,isCloudinaryUrl,helper,no,no,no,unknown,unknown,component/service state,component/service state,local file,Major internal function
scripts/verify-image-migration-status.js,isFirebaseStorageUrl,helper,no,no,no,unknown,unknown,component/service state,component/service state,local file,Major internal function
scripts/verify-image-migration-status.js,parseArgs,helper,no,no,no,unknown,unknown,component/service state,component/service state,local file,Major internal function
scripts/verify-image-migration-status.js,run,helper,no,yes,no,unknown,unknown,component/service state,component/service state,local file,Major internal function
services/auth.ts,getCurrentUser,function,yes,no,yes,unknown,unknown,varies,varies,see import graph,Exported symbol
services/auth.ts,login,function,yes,no,yes,unknown,unknown,varies,varies,see import graph,Exported symbol
services/auth.ts,logout,function,yes,no,yes,unknown,unknown,varies,varies,see import graph,Exported symbol
services/auth.ts,register,function,yes,no,yes,unknown,unknown,varies,varies,see import graph,Exported symbol
services/auth.ts,resendVerificationEmail,function,yes,no,yes,unknown,unknown,varies,varies,see import graph,Exported symbol
services/auth.ts,resetPassword,function,yes,no,yes,unknown,unknown,varies,varies,see import graph,Exported symbol
services/behaviorLogger.ts,appendApiLog,helper,no,no,no,unknown,unknown,component/service state,component/service state,local file,Major internal function
services/behaviorLogger.ts,buildSummary,helper,no,no,no,unknown,unknown,component/service state,component/service state,local file,Major internal function
services/behaviorLogger.ts,emitStateChangeEvent,function,yes,no,yes,unknown,unknown,varies,varies,see import graph,Exported symbol
services/behaviorLogger.ts,emitUserActionEvent,function,yes,no,yes,unknown,unknown,varies,varies,see import graph,Exported symbol
services/behaviorLogger.ts,exportLogs,function,yes,no,yes,unknown,unknown,varies,varies,see import graph,Exported symbol
services/behaviorLogger.ts,flushApiBatch,helper,no,no,no,unknown,unknown,component/service state,component/service state,local file,Major internal function
services/behaviorLogger.ts,generateSessionSummary,function,yes,no,yes,unknown,unknown,varies,varies,see import graph,Exported symbol
services/behaviorLogger.ts,getCurrentPath,helper,no,no,no,unknown,unknown,component/service state,component/service state,local file,Major internal function
services/behaviorLogger.ts,initializeBehaviorTracking,function,yes,no,yes,unknown,unknown,varies,varies,see import graph,Exported symbol
services/behaviorLogger.ts,installFetchInterceptor,helper,no,no,no,unknown,unknown,component/service state,component/service state,local file,Major internal function
services/behaviorLogger.ts,installStateAndErrorTracking,helper,no,no,no,unknown,unknown,component/service state,component/service state,local file,Major internal function
services/behaviorLogger.ts,installUIActionTracking,helper,no,no,no,unknown,unknown,component/service state,component/service state,local file,Major internal function
services/behaviorLogger.ts,installXhrInterceptor,helper,no,no,no,unknown,unknown,component/service state,component/service state,local file,Major internal function
services/behaviorLogger.ts,logError,function,yes,no,yes,unknown,unknown,varies,varies,see import graph,Exported symbol
services/behaviorLogger.ts,logStateChange,function,yes,no,yes,unknown,unknown,varies,varies,see import graph,Exported symbol
services/behaviorLogger.ts,logUserAction,function,yes,no,yes,unknown,unknown,varies,varies,see import graph,Exported symbol
services/behaviorLogger.ts,onLoadEnd,helper,no,no,no,unknown,unknown,component/service state,component/service state,local file,Major internal function
services/behaviorLogger.ts,open,helper,no,no,no,unknown,unknown,local,local,local file,Function declaration
services/behaviorLogger.ts,queueApiLog,helper,no,no,no,unknown,unknown,component/service state,component/service state,local file,Major internal function
services/behaviorLogger.ts,resolveActionElementLabel,helper,no,no,no,unknown,unknown,component/service state,component/service state,local file,Major internal function
services/behaviorLogger.ts,send,helper,no,no,no,unknown,unknown,local,local,local file,Function declaration
services/behaviorLogger.ts,shouldThrottle,helper,no,no,no,unknown,unknown,component/service state,component/service state,local file,Major internal function
services/behaviorLogger.ts,summarizePayload,helper,no,yes,no,unknown,unknown,component/service state,component/service state,local file,Major internal function
services/excel.ts,buildTransactionEffects,helper,no,no,no,unknown,unknown,component/service state,component/service state,local file,Major internal function
services/excel.ts,downloadExcel,helper,no,no,no,unknown,unknown,component/service state,component/service state,local file,Major internal function
services/excel.ts,exportCustomerStatementToExcel,function,yes,no,yes,unknown,unknown,varies,varies,see import graph,Exported symbol
services/excel.ts,exportCustomersToExcel,function,yes,no,yes,unknown,unknown,varies,varies,see import graph,Exported symbol
services/excel.ts,exportDetailedSalesToExcel,function,yes,no,yes,unknown,unknown,varies,varies,see import graph,Exported symbol
services/excel.ts,exportInvoiceToExcel,function,yes,no,yes,unknown,unknown,varies,varies,see import graph,Exported symbol
services/excel.ts,exportProductsToExcel,function,yes,no,yes,unknown,unknown,varies,varies,see import graph,Exported symbol
services/excel.ts,exportTransactionsToExcel,function,yes,no,yes,unknown,unknown,varies,varies,see import graph,Exported symbol
services/excel.ts,txTime,helper,no,no,no,unknown,unknown,component/service state,component/service state,local file,Major internal function
services/financeLogger.ts,financeLog,function,yes,no,yes,unknown,unknown,varies,varies,see import graph,Exported symbol
services/firebase.ts,getEnv,helper,no,no,no,unknown,unknown,component/service state,component/service state,local file,Major internal function
services/gemini.ts,analyzeSales,function,yes,no,yes,unknown,unknown,varies,varies,see import graph,Exported symbol
services/gemini.ts,generateProductDescription,function,yes,no,yes,unknown,unknown,varies,varies,see import graph,Exported symbol
services/importExcel.ts,buildCanonicalImportedSaleSettlement,helper,no,no,no,unknown,unknown,component/service state,component/service state,local file,Major internal function
services/importExcel.ts,deriveFallbackSaleSettlement,helper,no,no,no,unknown,unknown,component/service state,component/service state,local file,Major internal function
services/importExcel.ts,downloadCustomersData,function,yes,no,yes,unknown,unknown,varies,varies,see import graph,Exported symbol
services/importExcel.ts,downloadCustomersTemplate,function,yes,no,yes,unknown,unknown,varies,varies,see import graph,Exported symbol
services/importExcel.ts,downloadInventoryData,function,yes,no,yes,unknown,unknown,varies,varies,see import graph,Exported symbol
services/importExcel.ts,downloadInventoryTemplate,function,yes,no,yes,unknown,unknown,varies,varies,see import graph,Exported symbol
services/importExcel.ts,downloadPurchaseData,function,yes,no,yes,unknown,unknown,varies,varies,see import graph,Exported symbol
services/importExcel.ts,downloadPurchaseTemplate,function,yes,no,yes,unknown,unknown,varies,varies,see import graph,Exported symbol
services/importExcel.ts,downloadTransactionsData,function,yes,no,yes,unknown,unknown,varies,varies,see import graph,Exported symbol
services/importExcel.ts,downloadTransactionsTemplate,function,yes,no,yes,unknown,unknown,varies,varies,see import graph,Exported symbol
services/importExcel.ts,importCustomersFromFile,function,yes,no,yes,unknown,unknown,varies,varies,see import graph,Exported symbol
services/importExcel.ts,importHistoricalTransactionsFromFile,function,yes,no,yes,unknown,unknown,varies,varies,see import graph,Exported symbol
services/importExcel.ts,importInventoryFromFile,function,yes,no,yes,unknown,unknown,varies,varies,see import graph,Exported symbol
services/importExcel.ts,importPurchaseFromFile,function,yes,no,yes,unknown,unknown,varies,varies,see import graph,Exported symbol
services/importExcel.ts,importTransactionsFromFile,function,yes,no,yes,unknown,unknown,varies,varies,see import graph,Exported symbol
services/importExcel.ts,includesNormalized,helper,no,no,no,unknown,unknown,component/service state,component/service state,local file,Major internal function
services/importExcel.ts,isCloudinaryUrl,helper,no,no,no,unknown,unknown,component/service state,component/service state,local file,Major internal function
services/importExcel.ts,isDataUrlImage,helper,no,no,no,unknown,unknown,component/service state,component/service state,local file,Major internal function
services/importExcel.ts,isHttpUrl,helper,no,no,no,unknown,unknown,component/service state,component/service state,local file,Major internal function
services/importExcel.ts,isLikelyLocalPath,helper,no,no,no,unknown,unknown,component/service state,component/service state,local file,Major internal function
services/importExcel.ts,normName,helper,no,no,no,unknown,unknown,component/service state,component/service state,local file,Major internal function
services/importExcel.ts,normPhone,helper,no,no,no,unknown,unknown,component/service state,component/service state,local file,Major internal function
services/importExcel.ts,resolveImportedReturnHandlingMode,helper,no,no,no,unknown,unknown,component/service state,component/service state,local file,Major internal function
services/importExcel.ts,sleep,helper,no,no,no,unknown,unknown,component/service state,component/service state,local file,Major internal function
services/importExcel.ts,toNum,helper,no,no,no,unknown,unknown,component/service state,component/service state,local file,Major internal function
services/importExcel.ts,toStr,helper,no,no,no,unknown,unknown,component/service state,component/service state,local file,Major internal function
services/importExcel.ts,writeDataWorkbook,helper,no,no,no,unknown,unknown,component/service state,component/service state,local file,Major internal function
services/importExcel.ts,writeTemplate,helper,no,no,no,unknown,unknown,component/service state,component/service state,local file,Major internal function
services/numberFormat.ts,formatINRPrecise,function,yes,no,yes,unknown,unknown,varies,varies,see import graph,Exported symbol
services/numberFormat.ts,formatINRWhole,function,yes,no,yes,unknown,unknown,varies,varies,see import graph,Exported symbol
services/numberFormat.ts,formatMoneyFixed2,function,yes,no,yes,unknown,unknown,varies,varies,see import graph,Exported symbol
services/numberFormat.ts,formatMoneyPrecise,function,yes,no,yes,unknown,unknown,varies,varies,see import graph,Exported symbol
services/numberFormat.ts,formatMoneyWhole,function,yes,no,yes,unknown,unknown,varies,varies,see import graph,Exported symbol
services/numberFormat.ts,roundTo,helper,no,no,no,unknown,unknown,component/service state,component/service state,local file,Major internal function
services/numberFormat.ts,toSafeNumber,helper,no,no,no,unknown,unknown,component/service state,component/service state,local file,Major internal function
services/pdf.ts,generateReceiptPDF,function,yes,no,yes,unknown,unknown,varies,varies,see import graph,Exported symbol
services/pdf.ts,numberToWords,helper,no,no,no,unknown,unknown,component/service state,component/service state,local file,Major internal function
services/pdf.ts,printThermalInvoice,function,yes,no,yes,unknown,unknown,varies,varies,see import graph,Exported symbol
services/productVariants.ts,NO_COLOR,function,yes,no,yes,unknown,unknown,varies,varies,see import graph,Exported symbol
services/productVariants.ts,NO_VARIANT,function,yes,no,yes,unknown,unknown,varies,varies,see import graph,Exported symbol
services/productVariants.ts,formatItemNameWithVariant,function,yes,no,yes,unknown,unknown,varies,varies,see import graph,Exported symbol
services/productVariants.ts,formatProductVariantColor,function,yes,no,yes,unknown,unknown,varies,varies,see import graph,Exported symbol
services/productVariants.ts,getAvailableStockForCombination,function,yes,no,yes,unknown,unknown,varies,varies,see import graph,Exported symbol
services/productVariants.ts,getProductStockRows,function,yes,no,yes,unknown,unknown,varies,varies,see import graph,Exported symbol
services/productVariants.ts,getResolvedBuyPriceForCombination,function,yes,no,yes,unknown,unknown,varies,varies,see import graph,Exported symbol
services/productVariants.ts,getResolvedSellPriceForCombination,function,yes,no,yes,unknown,unknown,varies,varies,see import graph,Exported symbol
services/productVariants.ts,normalizeColor,function,yes,no,yes,unknown,unknown,varies,varies,see import graph,Exported symbol
services/productVariants.ts,normalizeVariant,function,yes,no,yes,unknown,unknown,varies,varies,see import graph,Exported symbol
services/productVariants.ts,productHasCombinationStock,function,yes,no,yes,unknown,unknown,varies,varies,see import graph,Exported symbol
services/stockBuckets.ts,aggregateCartItemsByStockBucket,function,yes,no,yes,unknown,unknown,varies,varies,see import graph,Exported symbol
services/stockBuckets.ts,getCartItemStockBucketKey,function,yes,no,yes,unknown,unknown,varies,varies,see import graph,Exported symbol
services/stockBuckets.ts,getStockBucketKey,function,yes,no,yes,unknown,unknown,varies,varies,see import graph,Exported symbol
services/stockBuckets.ts,normalizeStockBucketColor,function,yes,no,yes,unknown,unknown,varies,varies,see import graph,Exported symbol
services/stockBuckets.ts,normalizeStockBucketVariant,function,yes,no,yes,unknown,unknown,varies,varies,see import graph,Exported symbol
services/storage.ts,MICRO_CREDIT_DUE_THRESHOLD,function,yes,no,yes,unknown,unknown,varies,varies,see import graph,Exported symbol
services/storage.ts,STORAGE_FLOW_REGISTRY,function,yes,no,yes,unknown,unknown,varies,varies,see import graph,Exported symbol
services/storage.ts,StorageValidationError,class,yes,no,yes,unknown,unknown,varies,varies,see import graph,Exported symbol
services/storage.ts,addCategory,function,yes,no,yes,unknown,unknown,varies,varies,see import graph,Exported symbol
services/storage.ts,addColorMaster,function,yes,no,yes,unknown,unknown,varies,varies,see import graph,Exported symbol
services/storage.ts,addCustomer,function,yes,no,yes,unknown,unknown,varies,varies,see import graph,Exported symbol
services/storage.ts,addHistoricalTransactions,function,yes,no,yes,unknown,unknown,varies,varies,see import graph,Exported symbol
services/storage.ts,addProduct,function,yes,no,yes,unknown,unknown,varies,varies,see import graph,Exported symbol
services/storage.ts,addUpfrontOrder,function,yes,no,yes,unknown,unknown,varies,varies,see import graph,Exported symbol
services/storage.ts,addVariantMaster,function,yes,no,yes,unknown,unknown,varies,varies,see import graph,Exported symbol
services/storage.ts,applyTransactionItemsToProduct,helper,no,no,no,unknown,unknown,component/service state,component/service state,local file,Major internal function
services/storage.ts,areItemsEqualForAudit,helper,no,no,no,unknown,unknown,component/service state,component/service state,local file,Major internal function
services/storage.ts,assertCloudWriteReady,helper,no,yes,no,unknown,unknown,component/service state,component/service state,local file,Major internal function
services/storage.ts,assertCustomerPayload,helper,no,no,no,unknown,unknown,component/service state,component/service state,local file,Major internal function
services/storage.ts,assertPaymentMethodByType,helper,no,no,no,unknown,unknown,component/service state,component/service state,local file,Major internal function
services/storage.ts,assertTransactionFinancials,helper,no,no,no,unknown,unknown,component/service state,component/service state,local file,Major internal function
services/storage.ts,assertTransactionInventoryRules,helper,no,no,no,unknown,unknown,component/service state,component/service state,local file,Major internal function
services/storage.ts,assertUpfrontOrderPayload,helper,no,no,no,unknown,unknown,component/service state,component/service state,local file,Major internal function
services/storage.ts,buildDeleteImpactSnapshot,helper,no,no,no,unknown,unknown,component/service state,component/service state,local file,Major internal function
services/storage.ts,buildKpiSnapshotPayload,helper,no,no,no,unknown,unknown,component/service state,component/service state,local file,Major internal function
services/storage.ts,clampCreditDueAmount,function,yes,no,yes,unknown,unknown,varies,varies,see import graph,Exported symbol
services/storage.ts,collectUpfrontPayment,function,yes,no,yes,unknown,unknown,varies,varies,see import graph,Exported symbol
services/storage.ts,computeCashEstimateFromTransactions,helper,no,no,no,unknown,unknown,component/service state,component/service state,local file,Major internal function
services/storage.ts,convertConfirmedOrderToPurchase,function,yes,no,yes,unknown,unknown,varies,varies,see import graph,Exported symbol
services/storage.ts,convertInquiryToConfirmedOrder,function,yes,no,yes,unknown,unknown,varies,varies,see import graph,Exported symbol
services/storage.ts,createFreightBroker,function,yes,no,yes,unknown,unknown,varies,varies,see import graph,Exported symbol
services/storage.ts,createFreightConfirmedOrder,function,yes,no,yes,unknown,unknown,varies,varies,see import graph,Exported symbol
services/storage.ts,createFreightInquiry,function,yes,no,yes,unknown,unknown,varies,varies,see import graph,Exported symbol
services/storage.ts,createFreightPurchase,function,yes,no,yes,unknown,unknown,varies,varies,see import graph,Exported symbol
services/storage.ts,createPurchaseOrder,function,yes,no,yes,unknown,unknown,varies,varies,see import graph,Exported symbol
services/storage.ts,createPurchaseParty,function,yes,no,yes,unknown,unknown,varies,varies,see import graph,Exported symbol
services/storage.ts,createPurchaseReceiptPosting,function,yes,no,yes,unknown,unknown,varies,varies,see import graph,Exported symbol
services/storage.ts,deleteCategory,function,yes,no,yes,unknown,unknown,varies,varies,see import graph,Exported symbol
services/storage.ts,deleteCustomer,function,yes,no,yes,unknown,unknown,varies,varies,see import graph,Exported symbol
services/storage.ts,deleteCustomerInSubcollection,helper,no,yes,yes,unknown,unknown,component/service state,component/service state,local file,Major internal function
services/storage.ts,deleteProduct,function,yes,no,yes,unknown,unknown,varies,varies,see import graph,Exported symbol
services/storage.ts,deleteProductInSubcollection,helper,no,yes,yes,unknown,unknown,component/service state,component/service state,local file,Major internal function
services/storage.ts,deleteTransaction,function,yes,no,yes,unknown,unknown,varies,varies,see import graph,Exported symbol
services/storage.ts,deleteTransactionAndReconcileInSubcollection,helper,no,yes,yes,unknown,unknown,component/service state,component/service state,local file,Major internal function
services/storage.ts,emitBehaviorStateChange,helper,no,no,yes,unknown,unknown,component/service state,component/service state,local file,Major internal function
services/storage.ts,emitCloudSyncStatus,helper,no,no,yes,unknown,unknown,component/service state,component/service state,local file,Major internal function
services/storage.ts,emitDataOpStatus,helper,no,no,yes,unknown,unknown,component/service state,component/service state,local file,Major internal function
services/storage.ts,emitLocalStorageUpdate,helper,no,no,yes,unknown,unknown,component/service state,component/service state,local file,Major internal function
services/storage.ts,getAvailableStockForItem,helper,no,no,no,unknown,unknown,component/service state,component/service state,local file,Major internal function
services/storage.ts,getCanonicalCustomerBalanceSnapshot,function,yes,no,yes,unknown,unknown,varies,varies,see import graph,Exported symbol
services/storage.ts,getCanonicalReturnAllocation,function,yes,no,yes,unknown,unknown,varies,varies,see import graph,Exported symbol
services/storage.ts,getCanonicalReturnPreviewForDraft,function,yes,no,yes,unknown,unknown,varies,varies,see import graph,Exported symbol
services/storage.ts,getClampedStoreCreditUsed,helper,no,no,no,unknown,unknown,component/service state,component/service state,local file,Major internal function
services/storage.ts,getCustomerProductStatsDocId,helper,no,no,no,unknown,unknown,component/service state,component/service state,local file,Major internal function
services/storage.ts,getCustomersCollectionRef,helper,no,no,no,unknown,unknown,component/service state,component/service state,local file,Major internal function
services/storage.ts,getDeleteTransactionPreview,function,yes,no,yes,unknown,unknown,varies,varies,see import graph,Exported symbol
services/storage.ts,getDeletedTransactionsCollectionRef,helper,no,no,no,unknown,unknown,component/service state,component/service state,local file,Major internal function
services/storage.ts,getEntityCounts,helper,no,no,no,unknown,unknown,component/service state,component/service state,local file,Major internal function
services/storage.ts,getFreightBrokers,function,yes,no,yes,unknown,unknown,varies,varies,see import graph,Exported symbol
services/storage.ts,getFreightConfirmedOrderById,function,yes,no,yes,unknown,unknown,varies,varies,see import graph,Exported symbol
services/storage.ts,getFreightConfirmedOrders,function,yes,no,yes,unknown,unknown,varies,varies,see import graph,Exported symbol
services/storage.ts,getFreightInquiries,function,yes,no,yes,unknown,unknown,varies,varies,see import graph,Exported symbol
services/storage.ts,getFreightInquiryById,function,yes,no,yes,unknown,unknown,varies,varies,see import graph,Exported symbol
services/storage.ts,getFreightPurchaseById,function,yes,no,yes,unknown,unknown,varies,varies,see import graph,Exported symbol
services/storage.ts,getFreightPurchases,function,yes,no,yes,unknown,unknown,varies,varies,see import graph,Exported symbol
services/storage.ts,getMatchingQuantityForBucket,helper,no,no,no,unknown,unknown,component/service state,component/service state,local file,Major internal function
services/storage.ts,getNextBarcode,function,yes,no,yes,unknown,unknown,varies,varies,see import graph,Exported symbol
services/storage.ts,getOperationCommitsCollectionRef,helper,no,no,no,unknown,unknown,component/service state,component/service state,local file,Major internal function
services/storage.ts,getPaymentScenarioClass,helper,no,no,no,unknown,unknown,component/service state,component/service state,local file,Major internal function
services/storage.ts,getProductsCollectionRef,helper,no,no,no,unknown,unknown,component/service state,component/service state,local file,Major internal function
services/storage.ts,getPurchaseOrders,function,yes,no,yes,unknown,unknown,varies,varies,see import graph,Exported symbol
services/storage.ts,getPurchaseParties,function,yes,no,yes,unknown,unknown,varies,varies,see import graph,Exported symbol
services/storage.ts,getPurchaseReceiptPostings,function,yes,no,yes,unknown,unknown,varies,varies,see import graph,Exported symbol
services/storage.ts,getRequestedStoreCreditUsed,helper,no,no,no,unknown,unknown,component/service state,component/service state,local file,Major internal function
services/storage.ts,getResolvedReturnHandlingMode,function,yes,no,yes,unknown,unknown,varies,varies,see import graph,Exported symbol
services/storage.ts,getReturnCashRefundAmount,function,yes,no,yes,unknown,unknown,varies,varies,see import graph,Exported symbol
services/storage.ts,getReturnFinancialEffects,helper,no,no,no,unknown,unknown,component/service state,component/service state,local file,Major internal function
services/storage.ts,getSaleScenarioClass,helper,no,no,no,unknown,unknown,component/service state,component/service state,local file,Major internal function
services/storage.ts,getSaleSettlementBreakdown,function,yes,no,yes,unknown,unknown,varies,varies,see import graph,Exported symbol
services/storage.ts,getSourceLineCompositeKeyForItem,helper,no,no,no,unknown,unknown,component/service state,component/service state,local file,Major internal function
services/storage.ts,getTimestampHintFromTransactionId,helper,no,no,no,unknown,unknown,component/service state,component/service state,local file,Major internal function
services/storage.ts,getTransactionAuditEffectSummary,helper,no,no,no,unknown,unknown,component/service state,component/service state,local file,Major internal function
services/storage.ts,getTransactionScenarioClass,helper,no,no,no,unknown,unknown,component/service state,component/service state,local file,Major internal function
services/storage.ts,getTransactionTimeHint,helper,no,no,no,unknown,unknown,component/service state,component/service state,local file,Major internal function
services/storage.ts,getTransactionUpdateAuditPreview,function,yes,no,yes,unknown,unknown,varies,varies,see import graph,Exported symbol
services/storage.ts,getTransactionsCollectionRef,helper,no,no,no,unknown,unknown,component/service state,component/service state,local file,Major internal function
services/storage.ts,hasLinkedConfirmedOrder,helper,no,no,no,unknown,unknown,component/service state,component/service state,local file,Major internal function
services/storage.ts,hasLinkedPurchase,helper,no,no,no,unknown,unknown,component/service state,component/service state,local file,Major internal function
services/storage.ts,isSuspiciousDrop,helper,no,no,no,unknown,unknown,component/service state,component/service state,local file,Major internal function
services/storage.ts,loadData,function,yes,no,yes,unknown,unknown,varies,varies,see import graph,Exported symbol
services/storage.ts,logKpiSnapshot,helper,no,no,yes,unknown,unknown,component/service state,component/service state,local file,Major internal function
services/storage.ts,logLoadedState,helper,no,no,yes,unknown,unknown,component/service state,component/service state,local file,Major internal function
services/storage.ts,logMoney,helper,no,no,yes,unknown,unknown,component/service state,component/service state,local file,Major internal function
services/storage.ts,normalizeLabel,helper,no,no,no,unknown,unknown,component/service state,component/service state,local file,Major internal function
services/storage.ts,processTransaction,function,yes,no,yes,unknown,unknown,varies,varies,see import graph,Exported symbol
services/storage.ts,receivePurchaseOrder,function,yes,no,yes,unknown,unknown,varies,varies,see import graph,Exported symbol
services/storage.ts,renameCategory,function,yes,no,yes,unknown,unknown,varies,varies,see import graph,Exported symbol
services/storage.ts,requestStoreProvisioning,function,yes,no,yes,unknown,unknown,varies,varies,see import graph,Exported symbol
services/storage.ts,resetData,function,yes,no,yes,unknown,unknown,varies,varies,see import graph,Exported symbol
services/storage.ts,resolveNextBuyPrice,helper,no,no,no,unknown,unknown,component/service state,component/service state,local file,Major internal function
services/storage.ts,roundCurrency,helper,no,no,no,unknown,unknown,component/service state,component/service state,local file,Major internal function
services/storage.ts,saveData,function,yes,no,yes,unknown,unknown,varies,varies,see import graph,Exported symbol
services/storage.ts,sleep,helper,no,no,no,unknown,unknown,component/service state,component/service state,local file,Major internal function
services/storage.ts,softDeleteFreightInquiry,function,yes,no,yes,unknown,unknown,varies,varies,see import graph,Exported symbol
services/storage.ts,sortTransactionsDesc,helper,no,no,no,unknown,unknown,component/service state,component/service state,local file,Major internal function
services/storage.ts,syncFromCloud,helper,no,yes,yes,unknown,unknown,component/service state,component/service state,local file,Major internal function
services/storage.ts,syncToCloud,helper,no,yes,yes,unknown,unknown,component/service state,component/service state,local file,Major internal function
services/storage.ts,toFiniteNonNegative,helper,no,no,no,unknown,unknown,component/service state,component/service state,local file,Major internal function
services/storage.ts,toFiniteNumber,helper,no,no,no,unknown,unknown,component/service state,component/service state,local file,Major internal function
services/storage.ts,toStockKey,helper,no,no,no,unknown,unknown,component/service state,component/service state,local file,Major internal function
services/storage.ts,updateCustomer,function,yes,no,yes,unknown,unknown,varies,varies,see import graph,Exported symbol
services/storage.ts,updateFreightConfirmedOrder,function,yes,no,yes,unknown,unknown,varies,varies,see import graph,Exported symbol
services/storage.ts,updateFreightInquiry,function,yes,no,yes,unknown,unknown,varies,varies,see import graph,Exported symbol
services/storage.ts,updateFreightPurchase,function,yes,no,yes,unknown,unknown,varies,varies,see import graph,Exported symbol
services/storage.ts,updateProduct,function,yes,no,yes,unknown,unknown,varies,varies,see import graph,Exported symbol
services/storage.ts,updatePurchaseOrder,function,yes,no,yes,unknown,unknown,varies,varies,see import graph,Exported symbol
services/storage.ts,updatePurchaseParty,function,yes,no,yes,unknown,unknown,varies,varies,see import graph,Exported symbol
services/storage.ts,updateStoreProfile,function,yes,no,yes,unknown,unknown,varies,varies,see import graph,Exported symbol
services/storage.ts,updateTransaction,function,yes,no,yes,unknown,unknown,varies,varies,see import graph,Exported symbol
services/storage.ts,updateUpfrontOrder,function,yes,no,yes,unknown,unknown,varies,varies,see import graph,Exported symbol
services/storage.ts,upsertCustomerInSubcollection,helper,no,yes,no,unknown,unknown,component/service state,component/service state,local file,Major internal function
services/storage.ts,upsertProductInSubcollection,helper,no,yes,no,unknown,unknown,component/service state,component/service state,local file,Major internal function
services/storage.ts,upsertTransactionInSubcollection,helper,no,yes,no,unknown,unknown,component/service state,component/service state,local file,Major internal function
services/storage.ts,writeAuditEvent,helper,no,yes,no,unknown,unknown,component/service state,component/service state,local file,Major internal function
types.ts,TAX_OPTIONS,function,yes,no,yes,unknown,unknown,varies,varies,see import graph,Exported symbol
